run,Policy,URLLC time over 10 ms (%),URLLC p95 (ms),URLLC p99 (ms),URLLC mean (ms),URLLC flows met (%),eMBB flows met (%),eMBB delivered (Mbps),eMBB admitted,eMBB refused,Limit mean (Mbps),Limit std (Mbps),Limit moves,host load,leaked
static-r1,static,96.6,40.3,79.0,9.1,100.0,32.6,238.5,331,0,500.0,0.0,0,2.16 -> 31.08,0
aimd-r1,aimd,11.5,6.6,17.6,2.1,100.0,87.0,187.4,247,229,261.8,105.4,24,20.88 -> 16.17,0
pi-r1,pi,0.0,5.9,13.9,2.0,100.0,100.0,239.1,310,148,360.6,57.7,45,10.94 -> 15.94,0
mpc-r1,mpc,6.6,4.6,15.9,1.9,100.0,100.0,133.2,186,323,195.1,97.6,51,10.68 -> 10.76,0
ucb-r1,ucb,11.5,5.4,19.1,1.9,100.0,100.0,153.0,203,293,223.4,133.2,29,7.87 -> 9.14,0
ucb-r2,ucb,6.6,5.4,15.4,1.9,100.0,93.8,172.8,225,254,281.1,163.1,28,4.12 -> 14.20,0
mpc-r2,mpc,11.5,5.5,15.1,2.0,100.0,89.7,173.8,232,243,249.5,114.0,49,8.98 -> 13.26,0
pi-r2,pi,0.0,5.7,12.2,2.2,100.0,100.0,282.4,384,10,479.8,24.7,27,9.03 -> 25.00,0
aimd-r2,aimd,29.5,7.9,24.3,2.4,100.0,87.2,152.9,196,283,235.2,143.8,25,16.26 -> 12.87,0
static-r2,static,45.9,10.6,26.4,3.0,100.0,87.7,281.9,390,5,500.0,0.0,0,8.60 -> 24.18,0
